Id producto,tipo producto,precio,existencias,descripcion,material
1,4,18750,2,Circones azules,1
2,4,15000,3,Microcircones,1
3,4,13500,3,Microcircones azules,1
4,5,15000,4,Dijes de estrella,1
5,5,13500,1,Dijes de figuras,1
6,6,18750,2,Dije de microcircones,1
7,6,18750,3,Dije de microcircones en forma de cruz,1
8,6,18750,4,Dije de microcircones en forma de cruz,1
9,6,15000,3,Tejido plano,1
10,6,24000,2,Tejido plano grueso,1
11,6,12000,1,Dije en forma de estrella,1
12,6,18000,2,Dije de cubo,1
13,6,22500,2,Dije de arbol de la vida,1
14,6,18000,4,Dije de corazon,6
15,6,16500,3,Dije de infinito,6
16,6,15000,2,Dije 11:11,6
17,6,19500,3,Dije de luna y estrella,1
18,6,18000,2,Dije de luna,6
19,6,18000,2,Circones dorados,1
20,6,16500,4,Dije letra A,1
21,6,16500,4,Dije letra F,1
22,6,16500,3,Dije letra V,1
23,1,6000,3,Candongas estrella,3
24,1,19500,4,SetX3,1
25,1,10500,2,Candongas Corazon,1
26,1,12000,3,Candongas Sencillas,1
27,1,6000,3,Mini Hoops,7
28,1,11250,2,Mini Hoops,1
29,1,13500,1,Mini Hoops,2
30,1,21000,3,Pendientes Perla,2
31,1,18000,4,Pendientes Ojo,1
32,1,18000,2,Pendientes Flor,1
33,1,16500,2,Candonga con estampado 1,1
34,1,15000,4,Candonga Pajarito,1
35,1,18000,3,Candonga con estampado 2,1
36,1,12000,4,Candonga Trenzada,1
37,1,12000,2,Candonga Lisas Pequeñas,1
38,1,15000,0,Candonga dije de estrella,1
39,1,27000,3,Candongas lisas Grandes,1
40,1,27000,3,Candongas lisas Gruesas Grandes,1
41,1,13500,2,Candongas lisas Gruesas Pequeñas,1
42,1,22500,3,Candongas lisas Medianas,1
43,3,9000,2,Anillo trenzado,1
44,3,11250,2,Anillo Microcircones,1
45,3,10500,3,Anillo Microcircones 2,1
46,3,9000,2,Anillo Triangulo,1
47,3,12000,2,Anillo Sirena,1
48,3,12000,3,Anillo Moñito,1
49,3,12000,4,Anillo Cruces,1
50,3,12000,2,Anillo Hojitas,1
51,3,12000,3,Anillo Estrella y Luna,1
52,3,12000,2,Anillo Cruzado,1
53,3,12000,1,Anillo Hojas,1
54,2,13500,3,Earrings Hojas,1
55,2,3000,2,Topo Sencillo,1
56,2,4500,3,Topo Paleta,3
57,2,7500,1,Topo Serpiente,1
58,2,11250,2,SetX3 Luna,5
59,2,4500,2,Topo Alas de Angel,1
60,2,4500,3,Topo Planeta,1
61,2,4500,2,Topo Luna,1
62,2,4500,4,Topo Estrella,1
63,2,4500,2,Topo Serpiente Color,1
64,2,12000,3,Topo Flor,1
65,5,18000,2,Duo de tobillera,5
66,6,16500,1,Cadena con dije de rayo,5
67,6,18000,2,Gargantilla Sencilla,1
68,1,12000,3,Candonga Lisas Pequeñas,7
69,7,15000,2,Con perlas,1
70,7,14250,4,Con flores,1
71,5,11250,1,Flores blancas,5
72,2,8250,2,Mini cruces,1
73,4,13500,1,Hilo sencillo,1
74,1,9000,2,Lisas 2 cm,1
75,2,12750,3,Mini rayos,2